Url,"Rain=1, no rain =0",,,
http://www.freesound.org/people/LG/sounds/98739/,0,,,
http://www.freesound.org/people/digifishmusic/sounds/62278/,0,,,
http://www.freesound.org/people/mhusinsky/sounds/76439/,0,,,
http://www.freesound.org/people/inchadney/sounds/104390/,0,,,
http://www.freesound.org/people/sphion/sounds/153543/,0,,,
http://www.freesound.org/people/ofabra/sounds/190694/,1,,,
http://www.freesound.org/people/marinusklaassen/sounds/66155/,0,,,
http://www.freesound.org/people/bmoreno/sounds/155300/,0,,,
http://www.freesound.org/people/schafferdavid/sounds/172643/,0,,,
http://www.freesound.org/people/barcelonetasonora/sounds/190696/,1,,,
http://www.freesound.org/people/sengjinn/sounds/175020/,1,,,
http://www.freesound.org/people/zigzagzen/sounds/168048/,1,,,
http://www.freesound.org/people/FreqMan/sounds/20067/,0,,,
http://www.freesound.org/people/ra_gun/sounds/82268/,0,,,
http://www.freesound.org/people/Bruceosonhadordeverdade/sounds/181419/,0,,,
http://www.freesound.org/people/kaonaya/sounds/128005/,0,,,
http://www.freesound.org/people/blaukreuz/sounds/184636/,1,,,
http://www.freesound.org/people/vibe_crc/sounds/50060/,0,,,
http://www.freesound.org/people/ra_gun/sounds/79268/,1,,,
http://www.freesound.org/people/LukeIRL/sounds/176096/,0,,,
http://www.freesound.org/people/bobchoice/sounds/160584/,0,,,
http://www.freesound.org/people/strangely_gnarled/sounds/105362/,1,,,
http://www.freesound.org/people/dobroide/sounds/16836/,0,,,
http://www.freesound.org/people/dobroide/sounds/71864/,1,,,
http://www.freesound.org/people/Kyster/sounds/122789/,0,,,
http://www.freesound.org/people/sagetyrtle/sounds/62488/,0,,,
http://www.freesound.org/people/dobroide/sounds/91752/,1,,,
http://www.freesound.org/people/ra_gun/sounds/79270/,0,,,
http://www.freesound.org/people/LG/sounds/74262/,0,,,
http://www.freesound.org/people/bmoreno/sounds/146692/,0,,,
http://www.freesound.org/people/reinsamba/sounds/21321/,1,,,
http://www.freesound.org/people/vibe_crc/sounds/50057/,0,,,
http://www.freesound.org/people/pheiland/sounds/166661/,1,,,
http://www.freesound.org/people/inchadney/sounds/123703/,1,,,
http://www.freesound.org/people/forrisday/sounds/167363/,0,,,
http://www.freesound.org/people/LG/sounds/57107/,1,,,
http://www.freesound.org/people/bmoreno/sounds/155118/,0,,,
http://www.freesound.org/people/LG/sounds/102070/,0,,,
http://www.freesound.org/people/NoiseCollector/sounds/56961/,0,,,
http://www.freesound.org/people/ERH/sounds/48159/,0,,,
http://www.freesound.org/people/inchadney/sounds/48503/,0,,,
http://www.freesound.org/people/Thomas%20Bruderer/sounds/188510/,1,,,
http://www.freesound.org/people/BudJillett/sounds/109485/,0,,,
http://www.freesound.org/people/inchadney/sounds/17861/,0,,,
http://www.freesound.org/people/Technicus/sounds/18525/,1,,,
http://www.freesound.org/people/bmoreno/sounds/145481/,0,,,
http://www.freesound.org/people/elnitter/sounds/79120/,1,,,
http://www.freesound.org/people/digifishmusic/sounds/66988/,0,,,
http://www.freesound.org/people/sukaton/sounds/17858/,1,,,
http://www.freesound.org/people/ERH/sounds/32262/,1,,,
http://www.freesound.org/people/ERH/sounds/57581/,1,,,
http://www.freesound.org/people/ERH/sounds/52185/,1,,,
http://www.freesound.org/people/lebosqui/sounds/165339/,0,,,
http://www.freesound.org/people/dobroide/sounds/86937/,0,,,
http://www.freesound.org/people/campl/sounds/138434/,0,,,
http://www.freesound.org/people/Eikmeier/sounds/182800/,0,,,
http://www.freesound.org/people/digifishmusic/sounds/31747/,0,,,
http://www.freesound.org/people/inchadney/sounds/22132/,0,,,
http://www.freesound.org/people/inchadney/sounds/46351/,0,,,
http://www.freesound.org/people/daveincamas/sounds/54206/,1,,,
http://www.freesound.org/people/Oscar%20de%20%C3%81vila/sounds/140075/,0,,,
http://www.freesound.org/people/inchadney/sounds/124698/,0,,,
http://www.freesound.org/people/soundbytez/sounds/111096/,0,,,
http://www.freesound.org/people/dankopp/sounds/66053/,0,,,
http://www.freesound.org/people/ra_gun/sounds/79267/,0,,,
http://www.freesound.org/people/ERH/sounds/48157/,0,,,
http://www.freesound.org/people/NoiseCollector/sounds/55508/,1,,,
http://www.freesound.org/people/JoniHeinonen/sounds/169159/,0,,,
http://www.freesound.org/people/inchadney/sounds/135579/,0,,,
http://www.freesound.org/people/bulbastre/sounds/113579/,1,,,
http://www.freesound.org/people/dobroide/sounds/137289/,0,,,
http://www.freesound.org/people/Bram/sounds/9225/,1,,,
http://www.freesound.org/people/cms4f/sounds/159173/,1,,,
http://www.freesound.org/people/LukeIRL/sounds/75094/,1,,,
http://www.freesound.org/people/dobroide/sounds/93657/,1,,,
http://www.freesound.org/people/LG/sounds/90085/,0,,,
http://www.freesound.org/people/soundrecorder7/sounds/167034/,0,,,
http://www.freesound.org/people/Damsteegt/sounds/158742/,1,,,
http://www.freesound.org/people/inchadney/sounds/106205/,0,,,
http://www.freesound.org/people/RHumphries/sounds/1933/,0,,,
http://www.freesound.org/people/LG/sounds/101423/,0,,,
http://www.freesound.org/people/ERH/sounds/42148/,0,,,
http://www.freesound.org/people/vedas/sounds/66415/,0,,,
http://www.freesound.org/people/LG/sounds/71172/,1,,,
http://www.freesound.org/people/dobroide/sounds/86934/,0,,,
http://www.freesound.org/people/digifishmusic/sounds/57605/,0,,,
http://www.freesound.org/people/vflefevre/sounds/165995/,1,,,
http://www.freesound.org/people/Benboncan/sounds/67829/,0,,,
http://www.freesound.org/people/klankbeeld/sounds/193032/,1,,,
http://www.freesound.org/people/digifishmusic/sounds/57669/,1,,,
http://www.freesound.org/people/brumbar/sounds/146191/,0,,,
http://www.freesound.org/people/lonemonk/sounds/62512/,0,,,
http://www.freesound.org/people/philippe%20b/sounds/26969/,0,,,
http://www.freesound.org/people/inchadney/sounds/11485/,0,,,
http://www.freesound.org/people/digifishmusic/sounds/38559/,1,,,
http://www.freesound.org/people/pcaeldries/sounds/54801/,0,,,
http://www.freesound.org/people/inchadney/sounds/123076/,0,,,
http://www.freesound.org/people/sacredblack/sounds/166221/,1,,,
http://www.freesound.org/people/inchadney/sounds/34618/,0,,,
http://www.freesound.org/people/airpline1/sounds/157240/,1,,,
http://www.freesound.org/people/nrn-/sounds/106724/,0,,,
http://www.freesound.org/people/thecityrings/sounds/153567/,0,,,
http://www.freesound.org/people/polymorpheva/sounds/110123/,1,,,
http://www.freesound.org/people/Robin%20Whittaker/sounds/36628/,0,,,
http://www.freesound.org/people/dobroide/sounds/86769/,0,,,
http://www.freesound.org/people/daveincamas/sounds/45910/,0,,,
http://www.freesound.org/people/alexbird/sounds/58558/,1,,,
http://www.freesound.org/people/OSH37/sounds/140803/,0,,,
http://www.freesound.org/people/thorvandahl/sounds/184213/,0,,,
http://www.freesound.org/people/kwazi/sounds/56369/,0,,,
http://www.freesound.org/people/kvgarlic/sounds/168697/,1,,,
http://www.freesound.org/people/inchadney/sounds/98201/,1,,,
http://www.freesound.org/people/Spandau/sounds/36481/,0,,,
http://www.freesound.org/people/inchadney/sounds/19037/,0,,,
http://www.freesound.org/people/FaireDesVagues/sounds/68152/,0,,,
http://www.freesound.org/people/Anton/sounds/7126/,0,,,
http://www.freesound.org/people/jasonthomasd/sounds/124586/,0,,,
http://www.freesound.org/people/mugwood/sounds/121359/,0,,,
http://www.freesound.org/people/ra_gun/sounds/79272/,1,,,
http://www.freesound.org/people/ecfike/sounds/128712/,0,,,
http://www.freesound.org/people/Benboncan/sounds/132823/,0,,,
http://www.freesound.org/people/ingudios/sounds/119500/,1,,,
http://www.freesound.org/people/Geissler/sounds/104521/,0,,,
http://www.freesound.org/people/RHumphries/sounds/2533/,0,,,
http://www.freesound.org/people/inchadney/sounds/38590/,0,,,
http://www.freesound.org/people/dobroide/sounds/78502/,0,,,
http://www.freesound.org/people/suoitnop/sounds/42540/,1,,,
http://www.freesound.org/people/strangy/sounds/176247/,0,,,
http://www.freesound.org/people/klankbeeld/sounds/187829/,0,,,
http://www.freesound.org/people/j3n/sounds/140707/,1,,,
http://www.freesound.org/people/soundbytez/sounds/99229/,0,,,
http://www.freesound.org/people/inchadney/sounds/108509/,0,,,
http://www.freesound.org/people/bmoreno/sounds/155227/,0,,,
http://www.freesound.org/people/felix.blume/sounds/146272/,0,,,
http://www.freesound.org/people/tangospatula/sounds/188494/,1,,,
http://www.freesound.org/people/LG/sounds/54536/,0,,,
http://www.freesound.org/people/reinsamba/sounds/21842/,0,,,
http://www.freesound.org/people/Berwitz/sounds/150195/,0,,,
http://www.freesound.org/people/sagetyrtle/sounds/19375/,0,,,
http://www.freesound.org/people/daveincamas/sounds/45905/,0,,,
http://www.freesound.org/people/Corsica_S/sounds/157769/,1,,,
http://www.freesound.org/people/inchadney/sounds/58172/,0,,,
http://www.freesound.org/people/ERH/sounds/39659/,0,,,
http://www.freesound.org/people/LG/sounds/72812/,1,,,
http://www.freesound.org/people/lolamadeus/sounds/179360/,0,,,
http://www.freesound.org/people/Kyster/sounds/167518/,1,,,
http://www.freesound.org/people/Tessa_Elieff/sounds/189583/,1,,,
http://www.freesound.org/people/volivieri/sounds/39649/,1,,,
http://www.freesound.org/people/LG/sounds/90361/,1,,,
http://www.freesound.org/people/Pooleside/sounds/60687/,1,,,
http://www.freesound.org/people/vibe_crc/sounds/50056/,0,,,
http://www.freesound.org/people/lgarrett/sounds/17078/,1,,,
http://www.freesound.org/people/GaryBard/sounds/172872/,0,,,
http://www.freesound.org/people/bmoreno/sounds/156042/,0,,,
http://www.freesound.org/people/klankbeeld/sounds/172780/,0,,,
http://www.freesound.org/people/LG/sounds/77919/,0,,,
http://www.freesound.org/people/Naeroon/sounds/158743/,0,,,
http://www.freesound.org/people/kaonaya/sounds/128000/,0,,,
http://www.freesound.org/people/sagetyrtle/sounds/107519/,0,,,
http://www.freesound.org/people/vflefevre/sounds/166174/,1,,,
http://www.freesound.org/people/Owl/sounds/154918/,0,,,
http://www.freesound.org/people/inchadney/sounds/95256/,1,,,
http://www.freesound.org/people/mmaruska/sounds/179046/,1,,,
http://www.freesound.org/people/inchadney/sounds/75962/,0,,,
http://www.freesound.org/people/alfdroid/sounds/146743/,1,,,
http://www.freesound.org/people/LG/sounds/73098/,1,,,
http://www.freesound.org/people/daveincamas/sounds/161519/,0,,,
http://www.freesound.org/people/brumbar/sounds/146193/,0,,,
http://www.freesound.org/people/volivieri/sounds/39674/,0,,,
http://www.freesound.org/people/pcaeldries/sounds/101247/,1,,,
http://www.freesound.org/people/NoiseCollector/sounds/65674/,1,,,
http://www.freesound.org/people/NoiseCollector/sounds/65338/,0,,,
http://www.freesound.org/people/dobroide/sounds/50884/,1,,,
http://www.freesound.org/people/panosktn/sounds/80485/,0,,,
http://www.freesound.org/people/dobroide/sounds/64468/,0,,,
http://www.freesound.org/people/trgame/sounds/193480/,0,,,
http://www.freesound.org/people/dobroide/sounds/40862/,0,,,
http://www.freesound.org/people/rfhache/sounds/64121/,0,,,
http://www.freesound.org/people/dankopp/sounds/75223/,0,,,
http://www.freesound.org/people/LG/sounds/56875/,0,,,
http://www.freesound.org/people/miastodzwiekow/sounds/127366/,1,,,
http://www.freesound.org/people/Danjocross/sounds/164206/,0,,,
http://www.freesound.org/people/reinsamba/sounds/36759/,0,,,
http://www.freesound.org/people/aaronstar/sounds/192353/,0,,,
http://www.freesound.org/people/iut_Paris8/sounds/141144/,1,,,
http://www.freesound.org/people/Anton/sounds/21704/,0,,,
http://www.freesound.org/people/frederic.font/sounds/168900/,0,,,
http://www.freesound.org/people/Benboncan/sounds/70098/,0,,,
http://www.freesound.org/people/inchadney/sounds/87613/,0,,,
http://www.freesound.org/people/dobroide/sounds/125118/,0,,,
http://www.freesound.org/people/bdubdrum/sounds/117048/,0,,,
http://www.freesound.org/people/dobroide/sounds/116268/,0,,,
http://www.freesound.org/people/jasonthomasd/sounds/124587/,0,,,
http://www.freesound.org/people/dobroide/sounds/102840/,1,,,
http://www.freesound.org/people/vflefevre/sounds/165994/,0,,,
http://www.freesound.org/people/blaukreuz/sounds/91991/,0,,,
http://www.freesound.org/people/Zigzag20705/sounds/134974/,0,,,
http://www.freesound.org/people/digifishmusic/sounds/32489/,0,,,
http://www.freesound.org/people/uauaua/sounds/14527/,1,,,
http://www.freesound.org/people/geogblog/sounds/157862/,0,,,
http://www.freesound.org/people/dobroide/sounds/32855/,0,,,
http://www.freesound.org/people/Corsica_S/sounds/171647/,1,,,
http://www.freesound.org/people/polymorpheva/sounds/104543/,0,,,
http://www.freesound.org/people/swelltoe77/sounds/160523/,0,,,
http://www.freesound.org/people/dobroide/sounds/117892/,1,,,
http://www.freesound.org/people/uair01/sounds/90422/,0,,,
http://www.freesound.org/people/stomachache/sounds/182314/,0,,,
http://www.freesound.org/people/jus/sounds/39418/,0,,,
http://www.freesound.org/people/dobroide/sounds/101318/,1,,,
http://www.freesound.org/people/dobroide/sounds/105395/,0,,,
http://www.freesound.org/people/thedapperdan/sounds/26911/,0,,,
http://www.freesound.org/people/LG/sounds/80710/,1,,,
http://www.freesound.org/people/Kyster/sounds/156619/,0,,,
http://www.freesound.org/people/cognito%20perceptu/sounds/139769/,0,,,
http://www.freesound.org/people/FreqMan/sounds/20048/,0,,,
http://www.freesound.org/people/LG/sounds/89958/,0,,,
http://www.freesound.org/people/LG/sounds/76367/,1,,,
http://www.freesound.org/people/inchadney/sounds/20206/,0,,,
http://www.freesound.org/people/klankbeeld/sounds/169255/,0,,,
http://www.freesound.org/people/klankbeeld/sounds/169257/,1,,,
http://www.freesound.org/people/Satoration/sounds/54945/,0,,,
http://www.freesound.org/people/inchadney/sounds/58238/,1,,,
http://www.freesound.org/people/melack/sounds/120383/,0,,,
http://www.freesound.org/people/jppi_Stu/sounds/16782/,1,,,
http://www.freesound.org/people/digifishmusic/sounds/80552/,0,,,
http://www.freesound.org/people/ERH/sounds/31909/,1,,,
http://www.freesound.org/people/csengeri/sounds/34328/,0,,,
http://www.freesound.org/people/inchadney/sounds/89947/,0,,,
http://www.freesound.org/people/cms4f/sounds/159171/,0,,,
http://www.freesound.org/people/DifferentSoundScapes/sounds/117807/,1,,,
http://www.freesound.org/people/RHumphries/sounds/1934/,0,,,
http://www.freesound.org/people/ra_gun/sounds/79271/,0,,,
http://www.freesound.org/people/soundbytez/sounds/104427/,1,,,
http://www.freesound.org/people/NoiseCollector/sounds/125562/,0,,,
http://www.freesound.org/people/LG/sounds/101458/,0,,,
http://www.freesound.org/people/blaukreuz/sounds/131111/,0,,,
http://www.freesound.org/people/kvgarlic/sounds/135835/,0,,,
http://www.freesound.org/people/AAEPGranollers/sounds/156127/,1,,,
http://www.freesound.org/people/mr_rolfi/sounds/22326/,0,,,
http://www.freesound.org/people/lolamadeus/sounds/179353/,0,,,
http://www.freesound.org/people/SpeedY/sounds/17055/,0,,,
http://www.freesound.org/people/Benboncan/sounds/91765/,0,,,
http://www.freesound.org/people/andrew1280/sounds/43153/,0,,,
http://www.freesound.org/people/elektroproleter/sounds/157595/,1,,,
http://www.freesound.org/people/inchadney/sounds/48418/,0,,,
http://www.freesound.org/people/SpeedY/sounds/17059/,1,,,
http://www.freesound.org/people/RHumphries/sounds/2523/,0,,,
http://www.freesound.org/people/sankalp/sounds/152804/,0,,,
http://www.freesound.org/people/icmusic/sounds/178825/,1,,,
http://www.freesound.org/people/bmoreno/sounds/146697/,1,,,
http://www.freesound.org/people/RHumphries/sounds/2525/,1,,,
http://www.freesound.org/people/dobroide/sounds/49142/,0,,,
http://www.freesound.org/people/inchadney/sounds/78384/,1,,,
http://www.freesound.org/people/mrgwizz/sounds/163116/,0,,,
http://www.freesound.org/people/dobroide/sounds/51725/,1,,,
http://www.freesound.org/people/daveincamas/sounds/45476/,0,,,
http://www.freesound.org/people/soundbytez/sounds/99225/,0,,,
http://www.freesound.org/people/soundbytez/sounds/121377/,0,,,
http://www.freesound.org/people/dobroide/sounds/153502/,0,,,
http://www.freesound.org/people/sagetyrtle/sounds/101323/,0,,,
http://www.freesound.org/people/LG/sounds/56519/,0,,,
http://www.freesound.org/people/daveincamas/sounds/45481/,1,,,
http://www.freesound.org/people/dobroide/sounds/86964/,0,,,
http://www.freesound.org/people/facemusic/sounds/62166/,0,,,
http://www.freesound.org/people/JoniHeinonen/sounds/169157/,0,,,
http://www.freesound.org/people/afterguard/sounds/39894/,0,,,
http://www.freesound.org/people/inchadney/sounds/42799/,0,,,
http://www.freesound.org/people/elektroproleter/sounds/156607/,0,,,
http://www.freesound.org/people/mr_rolfi/sounds/22327/,0,,,
http://www.freesound.org/people/inchadney/sounds/125241/,0,,,
http://www.freesound.org/people/bmoreno/sounds/155180/,0,,,
http://www.freesound.org/people/digifishmusic/sounds/66472/,0,,,
http://www.freesound.org/people/jobro/sounds/112252/,0,,,
http://www.freesound.org/people/synthetic-oz/sounds/162731/,1,,,
http://www.freesound.org/people/miastodzwiekow/sounds/127304/,0,,,
http://www.freesound.org/people/redcrow1973/sounds/190700/,0,,,
http://www.freesound.org/people/afterguard/sounds/42200/,0,,,
http://www.freesound.org/people/javetakami/sounds/194676/,0,,,
http://www.freesound.org/people/LG/sounds/70323/,0,,,
http://www.freesound.org/people/Owl/sounds/154919/,0,,,
http://www.freesound.org/people/campl/sounds/138465/,1,,,
http://www.freesound.org/people/Brotherprovisional/sounds/38882/,0,,,
http://www.freesound.org/people/ecfike/sounds/128707/,0,,,
http://www.freesound.org/people/dobroide/sounds/94403/,0,,,
http://www.freesound.org/people/inchadney/sounds/43723/,1,,,
http://www.freesound.org/people/volivieri/sounds/39648/,1,,,
http://www.freesound.org/people/RHumphries/sounds/2527/,0,,,
http://www.freesound.org/people/inchadney/sounds/44207/,0,,,
http://www.freesound.org/people/Kyster/sounds/171984/,0,,,
http://www.freesound.org/people/bmoreno/sounds/155247/,1,,,
http://www.freesound.org/people/miastodzwiekow/sounds/117668/,0,,,
http://www.freesound.org/people/OSH37/sounds/140804/,0,,,
http://www.freesound.org/people/miastodzwiekow/sounds/127300/,0,,,
http://www.freesound.org/people/dobroide/sounds/40861/,1,,,
http://www.freesound.org/people/kangaroovindaloo/sounds/180661/,1,,,
http://www.freesound.org/people/LG/sounds/102094/,0,,,
http://www.freesound.org/people/dobroide/sounds/94635/,1,,,
http://www.freesound.org/people/akx/sounds/195409/,1,,,
http://www.freesound.org/people/klankbeeld/sounds/192141/,0,,,
http://www.freesound.org/people/LG/sounds/81487/,0,,,
http://www.freesound.org/people/Kyster/sounds/122117/,0,,,
http://www.freesound.org/people/csengeri/sounds/115521/,1,,,
http://www.freesound.org/people/LolitaPerdurabo/sounds/164875/,0,,,
http://www.freesound.org/people/life_interconnected/sounds/62850/,0,,,
http://www.freesound.org/people/inchadney/sounds/78529/,0,,,
http://www.freesound.org/people/polymorpheva/sounds/110119/,0,,,
http://www.freesound.org/people/RHumphries/sounds/2535/,0,,,
http://www.freesound.org/people/inchadney/sounds/46805/,0,,,
http://www.freesound.org/people/dobroide/sounds/161619/,0,,,
http://www.freesound.org/people/Benboncan/sounds/61311/,0,,,
http://www.freesound.org/people/dankopp/sounds/116428/,1,,,
http://www.freesound.org/people/klankbeeld/sounds/180897/,0,,,
http://www.freesound.org/people/dobroide/sounds/93651/,0,,,
http://www.freesound.org/people/LG/sounds/70322/,1,,,
http://www.freesound.org/people/blaukreuz/sounds/162696/,1,,,
http://www.freesound.org/people/LG/sounds/71126/,0,,,
http://www.freesound.org/people/csengeri/sounds/34218/,0,,,
http://www.freesound.org/people/Benboncan/sounds/91552/,1,,,
http://www.freesound.org/people/inchadney/sounds/17862/,0,,,
http://www.freesound.org/people/holger.schwetter/sounds/53580/,0,,,
http://www.freesound.org/people/felix.blume/sounds/160142/,1,,,
http://www.freesound.org/people/bmoreno/sounds/157515/,0,,,
http://www.freesound.org/people/Benboncan/sounds/81863/,0,,,
http://www.freesound.org/people/RHumphries/sounds/2529/,1,,,
http://www.freesound.org/people/Suz_Soundcreations/sounds/180540/,0,,,
http://www.freesound.org/people/snotch/sounds/73387/,0,,,
http://www.freesound.org/people/inchadney/sounds/78409/,0,,,
http://www.freesound.org/people/klankbeeld/sounds/188816/,0,,,
http://www.freesound.org/people/Oscar%20de%20%C3%81vila/sounds/139328/,0,,,
http://www.freesound.org/people/uair01/sounds/68063/,1,,,
http://www.freesound.org/people/Spencereholtaway/sounds/170835/,0,,,
http://www.freesound.org/people/inchadney/sounds/154812/,0,,,
http://www.freesound.org/people/NoiseCollector/sounds/64184/,1,,,
http://www.freesound.org/people/inchadney/sounds/124600/,1,,,
http://www.freesound.org/people/NoiseCollector/sounds/64207/,1,,,
http://www.freesound.org/people/AP./sounds/71113/,0,,,
http://www.freesound.org/people/dobroide/sounds/13775/,0,,,
http://www.freesound.org/people/inchadney/sounds/119065/,0,,,
http://www.freesound.org/people/elektroproleter/sounds/156606/,0,,,
http://www.freesound.org/people/ERH/sounds/56134/,0,,,
http://www.freesound.org/people/martina%20mora/sounds/169947/,1,,,
http://www.freesound.org/people/inchadney/sounds/21435/,0,,,
http://www.freesound.org/people/dobroide/sounds/95819/,0,,,
http://www.freesound.org/people/bmoreno/sounds/155225/,0,,,
http://www.freesound.org/people/rfhache/sounds/63710/,1,,,
http://www.freesound.org/people/NoiseCollector/sounds/56956/,1,,,
http://www.freesound.org/people/brumbar/sounds/146194/,0,,,
http://www.freesound.org/people/RTB45/sounds/193801/,0,,,
http://www.freesound.org/people/Strawhenge/sounds/160582/,0,,,
http://www.freesound.org/people/LG/sounds/101461/,0,,,
http://www.freesound.org/people/Zigzag20705/sounds/134971/,1,,,
http://www.freesound.org/people/inchadney/sounds/37797/,1,,,
http://www.freesound.org/people/sagetyrtle/sounds/27232/,0,,,
http://www.freesound.org/people/Corsica_S/sounds/127628/,0,,,
http://www.freesound.org/people/miastodzwiekow/sounds/127239/,1,,,
http://www.freesound.org/people/dobroide/sounds/104584/,0,,,
http://www.freesound.org/people/ra_gun/sounds/79266/,0,,,
http://www.freesound.org/people/reinsamba/sounds/55017/,0,,,
http://www.freesound.org/people/NoiseCollector/sounds/56962/,1,,,
http://www.freesound.org/people/jult/sounds/121292/,0,,,
http://www.freesound.org/people/NoiseCollector/sounds/63722/,0,,,
http://www.freesound.org/people/THE_bizniss/sounds/38393/,1,,,
http://www.freesound.org/people/inchadney/sounds/59006/,1,,,
http://www.freesound.org/people/jinmenju/sounds/139094/,0,,,
http://www.freesound.org/people/NoiseCollector/sounds/69107/,0,,,
http://www.freesound.org/people/Benboncan/sounds/74823/,0,,,
http://www.freesound.org/people/dobroide/sounds/74909/,0,,,
http://www.freesound.org/people/dobroide/sounds/161923/,1,,,
http://www.freesound.org/people/reinsamba/sounds/120226/,0,,,
http://www.freesound.org/people/jwb4/sounds/76935/,1,,,
http://www.freesound.org/people/barcelonetasonora/sounds/189842/,0,,,
http://www.freesound.org/people/jasonthomasd/sounds/124588/,0,,,
http://www.freesound.org/people/inchadney/sounds/52043/,1,,,
http://www.freesound.org/people/Spandau/sounds/40700/,0,,,
http://www.freesound.org/people/vflefevre/sounds/165998/,1,,,
http://www.freesound.org/people/daveincamas/sounds/26268/,1,,,
http://www.freesound.org/people/reinsamba/sounds/140204/,0,,,
http://www.freesound.org/people/klankbeeld/sounds/173998/,1,,,
http://www.freesound.org/people/Brotherprovisional/sounds/38886/,1,,,
http://www.freesound.org/people/dobroide/sounds/38765/,0,,,
http://www.freesound.org/people/sidohzen/sounds/165808/,0,,,
http://www.freesound.org/people/inchadney/sounds/58833/,0,,,
http://www.freesound.org/people/swelltoe77/sounds/160518/,1,,,
http://www.freesound.org/people/Northern_Monkey/sounds/185225/,1,,,
http://www.freesound.org/people/NoiseCollector/sounds/80776/,1,,,
http://www.freesound.org/people/ecfike/sounds/137957/,0,,,
http://www.freesound.org/people/sagetyrtle/sounds/133092/,0,,,
http://www.freesound.org/people/RHumphries/sounds/2521/,0,,,
http://www.freesound.org/people/dobroide/sounds/17156/,0,,,
http://www.freesound.org/people/inchadney/sounds/75703/,1,,,
http://www.freesound.org/people/simple%20machines/sounds/43713/,1,,,
http://www.freesound.org/people/bauhaus2006/sounds/87942/,0,,,
http://www.freesound.org/people/inchadney/sounds/104392/,0,,,
http://www.freesound.org/people/Benboncan/sounds/69760/,1,,,
http://www.freesound.org/people/soundsofeurope/sounds/147586/,0,,,
http://www.freesound.org/people/Anton/sounds/19271/,0,,,
http://www.freesound.org/people/3YG/sounds/181400/,0,,,
http://www.freesound.org/people/LG/sounds/54196/,1,,,
http://www.freesound.org/people/LG/sounds/72756/,0,,,
http://www.freesound.org/people/dobroide/sounds/70947/,1,,,
http://www.freesound.org/people/csengeri/sounds/52857/,1,,,
http://www.freesound.org/people/RHumphries/sounds/2534/,0,,,
http://www.freesound.org/people/bmoreno/sounds/158604/,1,,,
http://www.freesound.org/people/klankbeeld/sounds/169763/,0,,,
http://www.freesound.org/people/erilee/sounds/108362/,0,,,
http://www.freesound.org/people/TwistedLemon/sounds/38279/,1,,,
http://www.freesound.org/people/daveincamas/sounds/45478/,0,,,
http://www.freesound.org/people/blaukreuz/sounds/165185/,0,,,
http://www.freesound.org/people/digifishmusic/sounds/62279/,1,,,
http://www.freesound.org/people/LG/sounds/141165/,0,,,
http://www.freesound.org/people/miastodzwiekow/sounds/127509/,1,,,
http://www.freesound.org/people/bmoreno/sounds/169099/,0,,,
http://www.freesound.org/people/Pooleside/sounds/61660/,1,,,
http://www.freesound.org/people/schafferdavid/sounds/169466/,0,,,
http://www.freesound.org/people/dobroide/sounds/86771/,0,,,
http://www.freesound.org/people/Percy%20Duke/sounds/25901/,0,,,
http://www.freesound.org/people/14all41/sounds/67828/,1,,,
http://www.freesound.org/people/inchadney/sounds/87615/,0,,,
http://www.freesound.org/people/mich3d/sounds/24968/,0,,,
http://www.freesound.org/people/lolamadeus/sounds/179356/,0,,,
http://www.freesound.org/people/sarana/sounds/81464/,0,,,
http://www.freesound.org/people/LG/sounds/76191/,0,,,
http://www.freesound.org/people/RTB45/sounds/161971/,0,,,
http://www.freesound.org/people/inchadney/sounds/75401/,1,,,
http://www.freesound.org/people/greenTHYME/sounds/152548/,0,,,
http://www.freesound.org/people/NoiseCollector/sounds/65677/,1,,,
http://www.freesound.org/people/dobroide/sounds/61518/,1,,,
http://www.freesound.org/people/choplin/sounds/135661/,0,,,
http://www.freesound.org/people/lematt/sounds/54883/,0,,,
http://www.freesound.org/people/kvgarlic/sounds/161980/,1,,,
http://www.freesound.org/people/Corsica_S/sounds/127630/,1,,,
http://www.freesound.org/people/pcaeldries/sounds/59138/,1,,,
http://www.freesound.org/people/Kyster/sounds/126917/,0,,,
http://www.freesound.org/people/Zepp2010/sounds/163264/,1,,,
http://www.freesound.org/people/Andy_Gardner/sounds/127836/,1,,,
http://www.freesound.org/people/Corsica_S/sounds/157768/,1,,,
http://www.freesound.org/people/keithpeter/sounds/107226/,0,,,
http://www.freesound.org/people/eirons/sounds/162332/,0,,,
http://www.freesound.org/people/dobroide/sounds/41180/,1,,,
http://www.freesound.org/people/OSH37/sounds/140816/,1,,,
http://www.freesound.org/people/blaukreuz/sounds/162687/,0,,,
http://www.freesound.org/people/LG/sounds/74474/,1,,,
http://www.freesound.org/people/blaukreuz/sounds/162694/,0,,,
http://www.freesound.org/people/Heigh-hoo/sounds/81209/,0,,,
http://www.freesound.org/people/hchiurciu/sounds/147911/,0,,,
http://www.freesound.org/people/pcaeldries/sounds/27154/,1,,,
http://www.freesound.org/people/dobroide/sounds/32852/,0,,,
http://www.freesound.org/people/Bidone/sounds/65878/,1,,,
http://www.freesound.org/people/ERH/sounds/54194/,1,,,
http://www.freesound.org/people/SHEAHAN%20DRIVE/sounds/48263/,0,,,
http://www.freesound.org/people/Puniho/sounds/145275/,0,,,
http://www.freesound.org/people/pcaeldries/sounds/30033/,0,,,
http://www.freesound.org/people/LG/sounds/81485/,0,,,
http://www.freesound.org/people/NoiseCollector/sounds/64166/,1,,,
http://www.freesound.org/people/greenTHYME/sounds/152549/,0,,,
http://www.freesound.org/people/saphe/sounds/118859/,0,,,
http://www.freesound.org/people/inchadney/sounds/104391/,0,,,
http://www.freesound.org/people/spoonsandlessspoons/sounds/192525/,1,,,
http://www.freesound.org/people/inchadney/sounds/104875/,0,,,
http://www.freesound.org/people/barcelonetasonora/sounds/187938/,0,,,
http://www.freesound.org/people/dobroide/sounds/89987/,1,,,
http://www.freesound.org/people/hadders/sounds/109082/,0,,,
http://www.freesound.org/people/FreqMan/sounds/20016/,1,,,
http://www.freesound.org/people/LukeIRL/sounds/176090/,0,,,
http://www.freesound.org/people/plagasul/sounds/104/,0,,,
http://www.freesound.org/people/bmoreno/sounds/155264/,0,,,
http://www.freesound.org/people/dobroide/sounds/17510/,0,,,
http://www.freesound.org/people/swelltoe77/sounds/160532/,0,,,
http://www.freesound.org/people/NarrBaumComplex/sounds/113465/,1,,,
http://www.freesound.org/people/LG/sounds/73111/,0,,,
http://www.freesound.org/people/Corsica_S/sounds/127624/,0,,,
http://www.freesound.org/people/bmoreno/sounds/146274/,0,,,
http://www.freesound.org/people/NoiseCollector/sounds/125556/,0,,,
http://www.freesound.org/people/ERH/sounds/61363/,0,,,
http://www.freesound.org/people/volivieri/sounds/39650/,1,,,
http://www.freesound.org/people/Percy%20Duke/sounds/24023/,0,,,
http://www.freesound.org/people/dobroide/sounds/87527/,0,,,
http://www.freesound.org/people/divaldo11/sounds/184821/,0,,,
http://www.freesound.org/people/RutgerMuller/sounds/50913/,1,,,
http://www.freesound.org/people/NoiseCollector/sounds/113355/,0,,,
http://www.freesound.org/people/el_mar/sounds/170797/,0,,,
http://www.freesound.org/people/inchadney/sounds/99687/,1,,,
http://www.freesound.org/people/soundbytez/sounds/111026/,1,,,
http://www.freesound.org/people/miastodzwiekow/sounds/127440/,1,,,
http://www.freesound.org/people/dobroide/sounds/90353/,1,,,
http://www.freesound.org/people/Bram/sounds/9226/,0,,,
http://www.freesound.org/people/Sclolex/sounds/172883/,0,,,
http://www.freesound.org/people/dobroide/sounds/72222/,0,,,
http://www.freesound.org/people/miastodzwiekow/sounds/127305/,0,,,
http://www.freesound.org/people/ra_gun/sounds/77467/,1,,,
http://www.freesound.org/people/thanvannispen/sounds/162180/,0,,,
http://www.freesound.org/people/dobroide/sounds/17153/,0,,,
http://www.freesound.org/people/soundbytez/sounds/104483/,1,,,
http://www.freesound.org/people/daveincamas/sounds/26270/,1,,,
http://www.freesound.org/people/inchadney/sounds/59005/,1,,,
http://www.freesound.org/people/klankbeeld/sounds/174029/,1,,,
http://www.freesound.org/people/bmoreno/sounds/159444/,0,,,
http://www.freesound.org/people/Oscar%20de%20%C3%81vila/sounds/139512/,1,,,
http://www.freesound.org/people/LG/sounds/98738/,0,,,
http://www.freesound.org/people/Bram/sounds/15541/,1,,,
http://www.freesound.org/people/bmoreno/sounds/146276/,0,,,
http://www.freesound.org/people/klankbeeld/sounds/171462/,0,,,
http://www.freesound.org/people/Pingel/sounds/3187/,1,,,
http://www.freesound.org/people/bmoreno/sounds/160004/,0,,,
http://www.freesound.org/people/klankbeeld/sounds/169534/,1,,,
http://www.freesound.org/people/dwareing/sounds/185198/,1,,,
http://www.freesound.org/people/camalbio/sounds/76236/,0,,,
http://www.freesound.org/people/Bram/sounds/11698/,0,,,
http://www.freesound.org/people/Suz_Soundcreations/sounds/180536/,0,,,
http://www.freesound.org/people/uauaua/sounds/14526/,0,,,
http://www.freesound.org/people/kangaroovindaloo/sounds/184448/,0,,,
http://www.freesound.org/people/LolitaPerdurabo/sounds/186999/,0,,,
http://www.freesound.org/people/klankbeeld/sounds/192863/,1,,,
http://www.freesound.org/people/digifishmusic/sounds/53493/,0,,,
http://www.freesound.org/people/vflefevre/sounds/165936/,0,,,
http://www.freesound.org/people/inchadney/sounds/113219/,0,,,
http://www.freesound.org/people/NoiseCollector/sounds/80793/,0,,,
http://www.freesound.org/people/lgarrett/sounds/17074/,1,,,
http://www.freesound.org/people/dobroide/sounds/113982/,0,,,
http://www.freesound.org/people/inchadney/sounds/98860/,0,,,
http://www.freesound.org/people/ultradust/sounds/165385/,0,,,
http://www.freesound.org/people/j1987/sounds/140724/,0,,,
http://www.freesound.org/people/mhusinsky/sounds/76443/,0,,,
http://www.freesound.org/people/dobroide/sounds/17155/,0,,,
http://www.freesound.org/people/dobroide/sounds/195317/,1,,,
http://www.freesound.org/people/inchadney/sounds/102244/,1,,,
http://www.freesound.org/people/Erdie/sounds/23779/,0,,,
http://www.freesound.org/people/LG/sounds/74466/,0,,,
http://www.freesound.org/people/pishpirika/sounds/162488/,0,,,
http://www.freesound.org/people/Benboncan/sounds/82393/,0,,,
http://www.freesound.org/people/digifishmusic/sounds/43114/,0,,,
http://www.freesound.org/people/FREITOJOS/sounds/157897/,1,,,
http://www.freesound.org/people/ERH/sounds/69192/,0,,,
http://www.freesound.org/people/daveincamas/sounds/59028/,0,,,
http://www.freesound.org/people/sonidor/sounds/174021/,0,,,
http://www.freesound.org/people/miastodzwiekow/sounds/127355/,1,,,
http://www.freesound.org/people/OlafWis/sounds/184147/,1,,,
http://www.freesound.org/people/LG/sounds/62856/,0,,,
http://www.freesound.org/people/kvgarlic/sounds/184277/,0,,,
http://www.freesound.org/people/LG/sounds/102074/,1,,,
http://www.freesound.org/people/RHumphries/sounds/2519/,1,,,
http://www.freesound.org/people/inchadney/sounds/93450/,1,,,
http://www.freesound.org/people/LG/sounds/74264/,0,,,
http://www.freesound.org/people/taurindb/sounds/132129/,0,,,
http://www.freesound.org/people/tomaradze/sounds/147013/,1,,,
http://www.freesound.org/people/RHumphries/sounds/2520/,1,,,
http://www.freesound.org/people/miastodzwiekow/sounds/133085/,0,,,
http://www.freesound.org/people/rfhache/sounds/45994/,0,,,
http://www.freesound.org/people/saphe/sounds/102666/,1,,,
http://www.freesound.org/people/NoiseCollector/sounds/56960/,0,,,
http://www.freesound.org/people/bmoreno/sounds/155252/,0,,,
http://www.freesound.org/people/inchadney/sounds/68379/,0,,,
http://www.freesound.org/people/standingwave/sounds/187126/,1,,,
http://www.freesound.org/people/maxthrower/sounds/168810/,1,,,
http://www.freesound.org/people/LG/sounds/73102/,0,,,
http://www.freesound.org/people/dobroide/sounds/102855/,1,,,
http://www.freesound.org/people/Bram/sounds/9224/,1,,,
http://www.freesound.org/people/inchadney/sounds/54920/,0,,,
http://www.freesound.org/people/NoiseCollector/sounds/56938/,0,,,
http://www.freesound.org/people/klankbeeld/sounds/171184/,1,,,
http://www.freesound.org/people/andrew1280/sounds/41190/,1,,,
http://www.freesound.org/people/felix.blume/sounds/143115/,0,,,
http://www.freesound.org/people/daveincamas/sounds/45480/,0,,,
http://www.freesound.org/people/felix.blume/sounds/139104/,0,,,
http://www.freesound.org/people/inchadney/sounds/57913/,0,,,
http://www.freesound.org/people/tweeterdj/sounds/29650/,0,,,
http://www.freesound.org/people/dobroide/sounds/149929/,1,,,
http://www.freesound.org/people/simple%20machines/sounds/46237/,0,,,
http://www.freesound.org/people/Kyster/sounds/122956/,0,,,
http://www.freesound.org/people/inchadney/sounds/44206/,1,,,
http://www.freesound.org/people/klankbeeld/sounds/169286/,1,,,
http://www.freesound.org/people/miastodzwiekow/sounds/127379/,0,,,
http://www.freesound.org/people/ERH/sounds/67280/,0,,,
http://www.freesound.org/people/lonemonk/sounds/30837/,0,,,
http://www.freesound.org/people/digifishmusic/sounds/66371/,0,,,
http://www.freesound.org/people/vibe_crc/sounds/50055/,1,,,
http://www.freesound.org/people/OSH37/sounds/140820/,1,,,
http://www.freesound.org/people/tweeterdj/sounds/29932/,1,,,
http://www.freesound.org/people/ecfike/sounds/128705/,1,,,
http://www.freesound.org/people/Andy_Gardner/sounds/124721/,1,,,
http://www.freesound.org/people/kangaroovindaloo/sounds/147636/,1,,,
http://www.freesound.org/people/Benboncan/sounds/112589/,0,,,
http://www.freesound.org/people/epatricio/sounds/171241/,0,,,
http://www.freesound.org/people/be-steele/sounds/128239/,0,,,
http://www.freesound.org/people/inchadney/sounds/81837/,0,,,
http://www.freesound.org/people/NoiseCollector/sounds/69106/,0,,,
http://www.freesound.org/people/soundbytez/sounds/99452/,1,,,
http://www.freesound.org/people/ERH/sounds/37739/,0,,,
http://www.freesound.org/people/miastodzwiekow/sounds/127281/,1,,,
http://www.freesound.org/people/RTB45/sounds/156153/,0,,,
http://www.freesound.org/people/dobroide/sounds/15223/,0,,,
http://www.freesound.org/people/sagetyrtle/sounds/133746/,1,,,
http://www.freesound.org/people/kvgarlic/sounds/182525/,0,,,
http://www.freesound.org/people/polymorpheva/sounds/104541/,0,,,
http://www.freesound.org/people/miastodzwiekow/sounds/127443/,1,,,
http://www.freesound.org/people/dobroide/sounds/51024/,0,,,
http://www.freesound.org/people/vibe_crc/sounds/50054/,0,,,
http://www.freesound.org/people/ERH/sounds/61396/,0,,,
http://www.freesound.org/people/nicStage/sounds/127719/,1,,,
http://www.freesound.org/people/NoiseCollector/sounds/63748/,0,,,
http://www.freesound.org/people/dobroide/sounds/116265/,1,,,
http://www.freesound.org/people/dobroide/sounds/65995/,0,,,
http://www.freesound.org/people/barcelonetasonora/sounds/189855/,1,,,
http://www.freesound.org/people/snotch/sounds/73386/,0,,,
http://www.freesound.org/people/RTB45/sounds/162752/,0,,,
http://www.freesound.org/people/dobroide/sounds/39984/,1,,,
http://www.freesound.org/people/kangaroovindaloo/sounds/194372/,0,,,
http://www.freesound.org/people/swelltoe77/sounds/160521/,0,,,
http://www.freesound.org/people/felix.blume/sounds/140350/,1,,,
http://www.freesound.org/people/bmoreno/sounds/155201/,0,,,
http://www.freesound.org/people/inchadney/sounds/66047/,0,,,
http://www.freesound.org/people/brumbar/sounds/146201/,0,,,
http://www.freesound.org/people/markystar/sounds/75249/,0,,,
http://www.freesound.org/people/kvgarlic/sounds/182543/,0,,,
http://www.freesound.org/people/Azvinz/sounds/118898/,0,,,
http://www.freesound.org/people/inchadney/sounds/28286/,1,,,
http://www.freesound.org/people/DJ%20Chronos/sounds/72515/,0,,,
http://www.freesound.org/people/inchadney/sounds/42914/,0,,,
http://www.freesound.org/people/dobroide/sounds/94401/,1,,,
http://www.freesound.org/people/LG/sounds/73181/,0,,,
http://www.freesound.org/people/Danjocross/sounds/164205/,0,,,
http://www.freesound.org/people/ideaph/sounds/103375/,0,,,
http://www.freesound.org/people/offthesky/sounds/31990/,0,,,
http://www.freesound.org/people/inchadney/sounds/132852/,0,,,
http://www.freesound.org/people/uauaua/sounds/14523/,0,,,
http://www.freesound.org/people/rfhache/sounds/45995/,0,,,
http://www.freesound.org/people/klankbeeld/sounds/169236/,0,,,
http://www.freesound.org/people/csengeri/sounds/35212/,1,,,
http://www.freesound.org/people/cognito%20perceptu/sounds/139768/,0,,,
http://www.freesound.org/people/inchadney/sounds/141376/,1,,,
http://www.freesound.org/people/LolitaPerdurabo/sounds/188704/,1,,,
http://www.freesound.org/people/vibe_crc/sounds/50062/,1,,,
http://www.freesound.org/people/Mings/sounds/150976/,1,,,
http://www.freesound.org/people/bmoreno/sounds/164379/,0,,,
http://www.freesound.org/people/Carlvus/sounds/178425/,0,,,
http://www.freesound.org/people/inchadney/sounds/125229/,0,,,
http://www.freesound.org/people/kwazi/sounds/56367/,0,,,
http://www.freesound.org/people/miastodzwiekow/sounds/127303/,1,,,
http://www.freesound.org/people/ultradust/sounds/165388/,0,,,
http://www.freesound.org/people/Dalibor/sounds/34267/,0,,,
http://www.freesound.org/people/RHumphries/sounds/2531/,0,,,
http://www.freesound.org/people/pcaeldries/sounds/66968/,0,,,
http://www.freesound.org/people/UATaudio/sounds/31156/,0,,,
http://www.freesound.org/people/blaukreuz/sounds/131130/,0,,,
http://www.freesound.org/people/daveincamas/sounds/161491/,0,,,
http://www.freesound.org/people/RHumphries/sounds/2522/,0,,,
http://www.freesound.org/people/NoiseCollector/sounds/64164/,0,,,
http://www.freesound.org/people/LG/sounds/141161/,0,,,
http://www.freesound.org/people/Velvorn/sounds/95625/,0,,,
http://www.freesound.org/people/bmoreno/sounds/159988/,1,,,
http://www.freesound.org/people/soundbytez/sounds/116223/,0,,,
http://www.freesound.org/people/FreqMan/sounds/20017/,1,,,
http://www.freesound.org/people/inchadney/sounds/44981/,1,,,
http://www.freesound.org/people/zimm/sounds/32859/,1,,,
http://www.freesound.org/people/poorenglishjuggler/sounds/155639/,0,,,
http://www.freesound.org/people/klankbeeld/sounds/187943/,0,,,
http://www.freesound.org/people/klankbeeld/sounds/169249/,0,,,
http://www.freesound.org/people/Calcuttan/sounds/180618/,1,,,
http://www.freesound.org/people/ERH/sounds/44125/,0,,,
http://www.freesound.org/people/JoniHeinonen/sounds/161889/,0,,,
http://www.freesound.org/people/stinkhorn/sounds/20000/,0,,,
http://www.freesound.org/people/suoitnop/sounds/46874/,1,,,
http://www.freesound.org/people/barcelonetasonora/sounds/189853/,1,,,
http://www.freesound.org/people/makbulchowdhury/sounds/172455/,0,,,
http://www.freesound.org/people/inchadney/sounds/89284/,0,,,
http://www.freesound.org/people/LG/sounds/94831/,0,,,
http://www.freesound.org/people/bmoreno/sounds/146843/,0,,,
http://www.freesound.org/people/ddvmor/sounds/170414/,0,,,
http://www.freesound.org/people/Vocalphobic/sounds/149294/,1,,,
http://www.freesound.org/people/dobroide/sounds/110915/,1,,,
http://www.freesound.org/people/bmoreno/sounds/155098/,0,,,
http://www.freesound.org/people/Benboncan/sounds/64544/,1,,,
http://www.freesound.org/people/mmorast/sounds/192149/,1,,,
http://www.freesound.org/people/lostpenguin/sounds/187732/,0,,,
http://www.freesound.org/people/jenc/sounds/518/,0,,,
http://www.freesound.org/people/dobroide/sounds/45922/,1,,,
http://www.freesound.org/people/jakobhandersen/sounds/73258/,0,,,
http://www.freesound.org/people/NarrBaumComplex/sounds/113475/,0,,,
http://www.freesound.org/people/wisslgisse/sounds/54810/,0,,,
http://www.freesound.org/people/laurent/sounds/17002/,0,,,
http://www.freesound.org/people/reinsamba/sounds/15598/,1,,,
http://www.freesound.org/people/RTB45/sounds/190528/,1,,,
http://www.freesound.org/people/lematt/sounds/54884/,0,,,
http://www.freesound.org/people/Kyster/sounds/167400/,1,,,
http://www.freesound.org/people/Ears68/sounds/185151/,0,,,
http://www.freesound.org/people/inchadney/sounds/57061/,0,,,
http://www.freesound.org/people/patchen/sounds/78781/,0,,,
http://www.freesound.org/people/LG/sounds/101460/,1,,,
http://www.freesound.org/people/WIM/sounds/19912/,1,,,
http://www.freesound.org/people/swelltoe77/sounds/160528/,0,,,
http://www.freesound.org/people/Kyster/sounds/165580/,0,,,
http://www.freesound.org/people/Ohrwurm/sounds/68471/,1,,,
http://www.freesound.org/people/afterguard/sounds/41032/,1,,,
http://www.freesound.org/people/vibe_crc/sounds/50059/,0,,,
http://www.freesound.org/people/dobroide/sounds/102843/,0,,,
http://www.freesound.org/people/csengeri/sounds/76271/,0,,,
http://www.freesound.org/people/klankbeeld/sounds/194791/,0,,,
http://www.freesound.org/people/LG/sounds/91757/,0,,,
http://www.freesound.org/people/casemundy/sounds/130585/,0,,,
http://www.freesound.org/people/digifishmusic/sounds/23087/,0,,,
http://www.freesound.org/people/LG/sounds/86751/,0,,,
http://www.freesound.org/people/NoiseCollector/sounds/55511/,0,,,
http://www.freesound.org/people/Benboncan/sounds/54488/,0,,,
http://www.freesound.org/people/polymorpheva/sounds/122191/,1,,,
http://www.freesound.org/people/ultradust/sounds/167091/,0,,,
http://www.freesound.org/people/dobroide/sounds/39941/,0,,,
http://www.freesound.org/people/LG/sounds/54197/,0,,,
http://www.freesound.org/people/LG/sounds/74845/,0,,,
http://www.freesound.org/people/bmoreno/sounds/155286/,0,,,
http://www.freesound.org/people/RTB45/sounds/151808/,0,,,
http://www.freesound.org/people/blaukreuz/sounds/162676/,1,,,
http://www.freesound.org/people/sphion/sounds/153542/,0,,,
http://www.freesound.org/people/inchadney/sounds/127796/,1,,,
http://www.freesound.org/people/inchadney/sounds/81461/,0,,,
http://www.freesound.org/people/cognito%20perceptu/sounds/169284/,0,,,
http://www.freesound.org/people/sagetyrtle/sounds/107520/,1,,,
http://www.freesound.org/people/RHumphries/sounds/2528/,1,,,
http://www.freesound.org/people/csengeri/sounds/34329/,1,,,
http://www.freesound.org/people/rfhache/sounds/63707/,0,,,
http://www.freesound.org/people/zigzagzen/sounds/168075/,1,,,
http://www.freesound.org/people/LolitaPerdurabo/sounds/164928/,1,,,
http://www.freesound.org/people/E_A/sounds/188140/,0,,,
http://www.freesound.org/people/klankbeeld/sounds/174042/,0,,,
http://www.freesound.org/people/uauaua/sounds/14522/,0,,,
http://www.freesound.org/people/dobroide/sounds/78922/,0,,,
http://www.freesound.org/people/dobroide/sounds/74945/,0,,,
http://www.freesound.org/people/rfhache/sounds/52171/,1,,,
http://www.freesound.org/people/bmoreno/sounds/155240/,0,,,
http://www.freesound.org/people/dobroide/sounds/102849/,0,,,
http://www.freesound.org/people/firefreak/sounds/45987/,0,,,
http://www.freesound.org/people/hadders/sounds/109089/,0,,,
http://www.freesound.org/people/dobroide/sounds/115413/,0,,,
http://www.freesound.org/people/Corsica_S/sounds/92824/,1,,,
http://www.freesound.org/people/inchadney/sounds/135719/,0,,,
http://www.freesound.org/people/dobroide/sounds/109373/,0,,,
http://www.freesound.org/people/dobroide/sounds/101885/,0,,,
http://www.freesound.org/people/inchadney/sounds/130135/,0,,,
http://www.freesound.org/people/dobroide/sounds/161583/,0,,,
http://www.freesound.org/people/lgarrett/sounds/17075/,1,,,
http://www.freesound.org/people/bmoreno/sounds/155207/,1,,,
http://www.freesound.org/people/RHumphries/sounds/2530/,1,,,
http://www.freesound.org/people/Benboncan/sounds/68642/,0,,,
http://www.freesound.org/people/panosktn/sounds/80487/,1,,,
http://www.freesound.org/people/LG/sounds/67418/,1,,,
http://www.freesound.org/people/Ears68/sounds/177183/,0,,,
http://www.freesound.org/people/evernaut/sounds/30547/,0,,,
http://www.freesound.org/people/csengeri/sounds/125073/,1,,,
http://www.freesound.org/people/inchadney/sounds/101384/,1,,,
http://www.freesound.org/people/dobroide/sounds/77648/,0,,,
http://www.freesound.org/people/kangaroovindaloo/sounds/194366/,1,,,
http://www.freesound.org/people/LG/sounds/54539/,0,,,
http://www.freesound.org/people/ERH/sounds/55441/,0,,,
http://www.freesound.org/people/daveincamas/sounds/54207/,0,,,
http://www.freesound.org/people/inchadney/sounds/104804/,0,,,
http://www.freesound.org/people/Owl/sounds/191737/,0,,,
http://www.freesound.org/people/chripei/sounds/168791/,1,,,
http://www.freesound.org/people/OSH37/sounds/140819/,0,,,
http://www.freesound.org/people/digifishmusic/sounds/38642/,0,,,
http://www.freesound.org/people/dobroide/sounds/185137/,0,,,
http://www.freesound.org/people/digifishmusic/sounds/62280/,0,,,
http://www.freesound.org/people/markystar/sounds/42210/,0,,,
http://www.freesound.org/people/inchadney/sounds/169021/,0,,,
http://www.freesound.org/people/lgarrett/sounds/17083/,0,,,
http://www.freesound.org/people/miastodzwiekow/sounds/127309/,1,,,
http://www.freesound.org/people/inchadney/sounds/52777/,0,,,
http://www.freesound.org/people/Elektrocell/sounds/20714/,0,,,
http://www.freesound.org/people/kvgarlic/sounds/135046/,0,,,
http://www.freesound.org/people/dobroide/sounds/70949/,0,,,
http://www.freesound.org/people/NoiseCollector/sounds/76884/,0,,,
http://www.freesound.org/people/dobroide/sounds/95692/,0,,,
http://www.freesound.org/people/miastodzwiekow/sounds/127190/,0,,,
http://www.freesound.org/people/NoiseCollector/sounds/113358/,0,,,
http://www.freesound.org/people/inchadney/sounds/36596/,0,,,
http://www.freesound.org/people/klankbeeld/sounds/169860/,1,,,
http://www.freesound.org/people/greenTHYME/sounds/152546/,0,,,
http://www.freesound.org/people/Vetter%20Balin/sounds/148813/,0,,,
http://www.freesound.org/people/dobroide/sounds/87522/,1,,,
http://www.freesound.org/people/dobroide/sounds/104936/,0,,,
http://www.freesound.org/people/sagetyrtle/sounds/107521/,0,,,
http://www.freesound.org/people/Kyster/sounds/172167/,0,,,
http://www.freesound.org/people/unfa/sounds/168083/,0,,,
http://www.freesound.org/people/dobroide/sounds/18229/,0,,,
http://www.freesound.org/people/dobroide/sounds/65472/,0,,,
http://www.freesound.org/people/dobroide/sounds/86734/,0,,,
http://www.freesound.org/people/inchadney/sounds/73539/,1,,,
http://www.freesound.org/people/inchadney/sounds/144343/,0,,,
http://www.freesound.org/people/dobroide/sounds/104609/,1,,,
http://www.freesound.org/people/panosktn/sounds/80486/,1,,,
http://www.freesound.org/people/LG/sounds/72011/,0,,,
http://www.freesound.org/people/nrn-/sounds/106272/,1,,,
http://www.freesound.org/people/Satoration/sounds/58500/,0,,,
http://www.freesound.org/people/mhusinsky/sounds/75968/,0,,,
http://www.freesound.org/people/pcaeldries/sounds/54805/,0,,,
http://www.freesound.org/people/skiersailor/sounds/76684/,0,,,
http://www.freesound.org/people/Porphyr/sounds/187832/,0,,,
http://www.freesound.org/people/LG/sounds/74463/,0,,,
http://www.freesound.org/people/kangaroovindaloo/sounds/195311/,1,,,
http://www.freesound.org/people/bmoreno/sounds/155214/,0,,,
http://www.freesound.org/people/pcaeldries/sounds/35057/,0,,,
http://www.freesound.org/people/SpeedY/sounds/17054/,1,,,
http://www.freesound.org/people/reinsamba/sounds/33695/,0,,,
http://www.freesound.org/people/forrisday/sounds/167365/,0,,,
http://www.freesound.org/people/inchadney/sounds/103951/,0,,,
http://www.freesound.org/people/inchadney/sounds/101385/,0,,,
http://www.freesound.org/people/ERH/sounds/48153/,0,,,
http://www.freesound.org/people/Erdie/sounds/24003/,0,,,
http://www.freesound.org/people/patchen/sounds/78807/,0,,,
http://www.freesound.org/people/kangaroovindaloo/sounds/177784/,0,,,
http://www.freesound.org/people/Benboncan/sounds/67483/,0,,,
http://www.freesound.org/people/FreqMan/sounds/20018/,0,,,
http://www.freesound.org/people/dr_knoise/sounds/181292/,1,,,
http://www.freesound.org/people/NoiseCollector/sounds/111171/,1,,,
http://www.freesound.org/people/miastodzwiekow/sounds/127182/,0,,,
http://www.freesound.org/people/LG/sounds/75253/,0,,,
http://www.freesound.org/people/NoiseCollector/sounds/64192/,0,,,
http://www.freesound.org/people/xucheng/sounds/168157/,0,,,
http://www.freesound.org/people/inchadney/sounds/127132/,0,,,
http://www.freesound.org/people/dobroide/sounds/59197/,0,,,
http://www.freesound.org/people/ERH/sounds/62066/,0,,,
http://www.freesound.org/people/inchadney/sounds/35486/,0,,,
http://www.freesound.org/people/mystiscool/sounds/7311/,0,,,
http://www.freesound.org/people/dobroide/sounds/78492/,0,,,
http://www.freesound.org/people/dobroide/sounds/38591/,1,,,
http://www.freesound.org/people/daveincamas/sounds/45479/,1,,,
http://www.freesound.org/people/OSH37/sounds/140827/,0,,,
http://www.freesound.org/people/bmoreno/sounds/145488/,1,,,
http://www.freesound.org/people/keithpeter/sounds/125211/,0,,,
http://www.freesound.org/people/NoiseCollector/sounds/69090/,0,,,
http://www.freesound.org/people/Traver/sounds/87406/,0,,,
http://www.freesound.org/people/klankbeeld/sounds/174091/,1,,,
http://www.freesound.org/people/TwistedLemon/sounds/378/,0,,,
http://www.freesound.org/people/inchadney/sounds/152394/,1,,,
http://www.freesound.org/people/Corsica_S/sounds/183162/,0,,,
http://www.freesound.org/people/KomradeJack/sounds/50346/,0,,,
http://www.freesound.org/people/NoiseCollector/sounds/56957/,0,,,
http://www.freesound.org/people/afterguard/sounds/42199/,1,,,
http://www.freesound.org/people/rfhache/sounds/95954/,1,,,
http://www.freesound.org/people/tsbertalan/sounds/77787/,1,,,
http://www.freesound.org/people/Benboncan/sounds/72933/,1,,,
http://www.freesound.org/people/lgarrett/sounds/17134/,1,,,
http://www.freesound.org/people/inchadney/sounds/109657/,1,,,
http://www.freesound.org/people/dobroide/sounds/34165/,0,,,
http://www.freesound.org/people/Signov/sounds/187645/,0,,,
http://www.freesound.org/people/Satoration/sounds/54823/,1,,,
http://www.freesound.org/people/sagetyrtle/sounds/47701/,0,,,
http://www.freesound.org/people/vflefevre/sounds/165997/,1,,,
http://www.freesound.org/people/dobroide/sounds/39980/,1,,,
http://www.freesound.org/people/ERH/sounds/50852/,1,,,
http://www.freesound.org/people/inchadney/sounds/91134/,1,,,
http://www.freesound.org/people/soundbytez/sounds/111022/,0,,,
http://www.freesound.org/people/inchadney/sounds/147760/,0,,,
http://www.freesound.org/people/kvgarlic/sounds/162565/,1,,,
http://www.freesound.org/people/ERH/sounds/66016/,1,,,
http://www.freesound.org/people/bmoreno/sounds/157652/,0,,,
http://www.freesound.org/people/felix.blume/sounds/154961/,1,,,
http://www.freesound.org/people/LG/sounds/81484/,0,,,
http://www.freesound.org/people/inchadney/sounds/52046/,1,,,
http://www.freesound.org/people/LG/sounds/101410/,1,,,
http://www.freesound.org/people/thorvandahl/sounds/184212/,1,,,
http://www.freesound.org/people/klankbeeld/sounds/169230/,1,,,
http://www.freesound.org/people/dankopp/sounds/77747/,0,,,
http://www.freesound.org/people/davilca/sounds/159492/,0,,,
http://www.freesound.org/people/Benboncan/sounds/56879/,0,,,
http://www.freesound.org/people/felix.blume/sounds/140503/,0,,,
http://www.freesound.org/people/dobroide/sounds/61517/,1,,,
http://www.freesound.org/people/ERH/sounds/54578/,0,,,
http://www.freesound.org/people/kwazi/sounds/56368/,0,,,
http://www.freesound.org/people/NoiseCollector/sounds/65267/,0,,,
http://www.freesound.org/people/sukaton/sounds/17857/,0,,,
http://www.freesound.org/people/kwazi/sounds/56366/,1,,,
http://www.freesound.org/people/ultradust/sounds/160564/,0,,,
http://www.freesound.org/people/inchadney/sounds/31828/,0,,,
http://www.freesound.org/people/Benboncan/sounds/66921/,0,,,
http://www.freesound.org/people/digifishmusic/sounds/38641/,0,,,
http://www.freesound.org/people/klankbeeld/sounds/172355/,0,,,
http://www.freesound.org/people/simple%20machines/sounds/44978/,1,,,
http://www.freesound.org/people/inchadney/sounds/161278/,0,,,
http://www.freesound.org/people/thedapperdan/sounds/26905/,0,,,
http://www.freesound.org/people/dobroide/sounds/86637/,0,,,
http://www.freesound.org/people/inchadney/sounds/56609/,1,,,
http://www.freesound.org/people/bmoreno/sounds/145545/,0,,,
http://www.freesound.org/people/lonemonk/sounds/100839/,1,,,
http://www.freesound.org/people/vflefevre/sounds/104636/,0,,,
http://www.freesound.org/people/pcaeldries/sounds/47651/,1,,,
http://www.freesound.org/people/rfhache/sounds/63708/,1,,,
http://www.freesound.org/people/Kyster/sounds/172938/,0,,,
http://www.freesound.org/people/melack/sounds/23528/,1,,,
http://www.freesound.org/people/Erdie/sounds/24952/,0,,,
http://www.freesound.org/people/NoiseCollector/sounds/56963/,0,,,
http://www.freesound.org/people/dobroide/sounds/21894/,0,,,
http://www.freesound.org/people/bmoreno/sounds/146852/,0,,,
http://www.freesound.org/people/sengjinn/sounds/171305/,0,,,
http://www.freesound.org/people/ra_gun/sounds/79269/,0,,,
http://www.freesound.org/people/klankbeeld/sounds/171388/,1,,,
http://www.freesound.org/people/ultradust/sounds/165386/,0,,,
http://www.freesound.org/people/Oscar%20de%20%C3%81vila/sounds/139967/,0,,,
http://www.freesound.org/people/vibe_crc/sounds/50058/,0,,,
http://www.freesound.org/people/ERH/sounds/39920/,0,,,
http://www.freesound.org/people/dobroide/sounds/95033/,1,,,
http://www.freesound.org/people/klankbeeld/sounds/168906/,0,,,
http://www.freesound.org/people/eirons/sounds/162333/,0,,,
http://www.freesound.org/people/dobroide/sounds/39942/,0,,,
http://www.freesound.org/people/digifishmusic/sounds/57668/,0,,,
http://www.freesound.org/people/Corsica_S/sounds/127638/,0,,,
http://www.freesound.org/people/dobroide/sounds/16009/,0,,,
http://www.freesound.org/people/SpeedY/sounds/17056/,0,,,
http://www.freesound.org/people/SpeedY/sounds/17057/,0,,,
http://www.freesound.org/people/philberts/sounds/111393/,0,,,
http://www.freesound.org/people/LG/sounds/73182/,0,,,
http://www.freesound.org/people/JoniHeinonen/sounds/169152/,1,,,
http://www.freesound.org/people/inchadney/sounds/104520/,0,,,
http://www.freesound.org/people/OSH37/sounds/140791/,0,,,
http://www.freesound.org/people/kvgarlic/sounds/182524/,0,,,
http://www.freesound.org/people/bmoreno/sounds/147929/,0,,,
http://www.freesound.org/people/polymorpheva/sounds/110118/,0,,,
http://www.freesound.org/people/kvgarlic/sounds/169883/,0,,,
http://www.freesound.org/people/Pooleside/sounds/54914/,0,,,
http://www.freesound.org/people/inchadney/sounds/59043/,0,,,
http://www.freesound.org/people/inchadney/sounds/114522/,1,,,
http://www.freesound.org/people/Benboncan/sounds/116667/,0,,,
http://www.freesound.org/people/themanitou/sounds/146326/,0,,,
http://www.freesound.org/people/dobroide/sounds/86733/,1,,,
http://www.freesound.org/people/LG/sounds/75254/,0,,,
http://www.freesound.org/people/dobroide/sounds/110695/,1,,,
http://www.freesound.org/people/kwazi/sounds/56371/,0,,,
http://www.freesound.org/people/RTB45/sounds/162818/,0,,,
http://www.freesound.org/people/digifishmusic/sounds/45437/,1,,,
http://www.freesound.org/people/dobroide/sounds/69965/,0,,,
http://www.freesound.org/people/markystar/sounds/75069/,1,,,
http://www.freesound.org/people/hiriak/sounds/166479/,0,,,
http://www.freesound.org/people/NoiseCollector/sounds/55513/,1,,,
http://www.freesound.org/people/erpe/sounds/130874/,0,,,
http://www.freesound.org/people/OSH37/sounds/140796/,0,,,
http://www.freesound.org/people/Traver/sounds/89111/,0,,,
http://www.freesound.org/people/Kyster/sounds/123142/,1,,,
http://www.freesound.org/people/inchadney/sounds/20989/,0,,,
http://www.freesound.org/people/ERH/sounds/61629/,0,,,
http://www.freesound.org/people/RHumphries/sounds/2526/,0,,,
http://www.freesound.org/people/wisslgisse/sounds/54357/,1,,,
http://www.freesound.org/people/Bram/sounds/11692/,0,,,
http://www.freesound.org/people/dobroide/sounds/95534/,0,,,
http://www.freesound.org/people/swelltoe77/sounds/160531/,0,,,
http://www.freesound.org/people/inchadney/sounds/110575/,1,,,
http://www.freesound.org/people/taylordonj/sounds/69305/,1,,,
http://www.freesound.org/people/inchadney/sounds/125227/,1,,,
http://www.freesound.org/people/dobroide/sounds/94409/,1,,,
http://www.freesound.org/people/E330/sounds/195597/,1,,,
http://www.freesound.org/people/skiersailor/sounds/76685/,0,,,
http://www.freesound.org/people/noellenichols/sounds/169621/,0,,,
http://www.freesound.org/people/sagetyrtle/sounds/188246/,1,,,
http://www.freesound.org/people/ikbenraar/sounds/135717/,0,,,
http://www.freesound.org/people/klankbeeld/sounds/177982/,0,,,
http://www.freesound.org/people/dobroide/sounds/98647/,1,,,
http://www.freesound.org/people/dobroide/sounds/86638/,0,,,
http://www.freesound.org/people/bmoreno/sounds/147946/,0,,,
http://www.freesound.org/people/Ferdinger/sounds/146229/,1,,,
http://www.freesound.org/people/dobroide/sounds/114624/,0,,,
http://www.freesound.org/people/sazman/sounds/28252/,0,,,
http://www.freesound.org/people/Carlvus/sounds/178427/,0,,,
http://www.freesound.org/people/LukeIRL/sounds/62031/,1,,,
http://www.freesound.org/people/dobroide/sounds/86961/,0,,,
http://www.freesound.org/people/kvgarlic/sounds/152662/,0,,,
http://www.freesound.org/people/mr_rolfi/sounds/22325/,0,,,
http://www.freesound.org/people/kwazi/sounds/56370/,1,,,
http://www.freesound.org/people/ultradust/sounds/167501/,1,,,
http://www.freesound.org/people/bmoreno/sounds/158601/,0,,,
http://www.freesound.org/people/14all41/sounds/69243/,0,,,
http://www.freesound.org/people/LG/sounds/73078/,0,,,
http://www.freesound.org/people/vflefevre/sounds/165996/,0,,,
http://www.freesound.org/people/Suz_Soundcreations/sounds/180541/,0,,,
http://www.freesound.org/people/LG/sounds/81486/,0,,,
http://www.freesound.org/people/soundbytez/sounds/99449/,0,,,
http://www.freesound.org/people/dobroide/sounds/39974/,0,,,
http://www.freesound.org/people/inchadney/sounds/127133/,0,,,
http://www.freesound.org/people/zigzagzen/sounds/168058/,0,,,
http://www.freesound.org/people/Audiactiva/sounds/48568/,1,,,
http://www.freesound.org/people/dobroide/sounds/72266/,0,,,
http://www.freesound.org/people/RHumphries/sounds/2524/,0,,,
http://www.freesound.org/people/E330/sounds/195598/,1,,,
http://www.freesound.org/people/Heigh-hoo/sounds/66096/,0,,,
http://www.freesound.org/people/inchadney/sounds/21091/,1,,,
http://www.freesound.org/people/inchadney/sounds/95945/,0,,,
http://www.freesound.org/people/jobro/sounds/112250/,1,,,
http://www.freesound.org/people/jppi_Stu/sounds/104843/,0,,,
http://www.freesound.org/people/soundbytez/sounds/111078/,0,,,
http://www.freesound.org/people/LG/sounds/56877/,0,,,
http://www.freesound.org/people/soundbytez/sounds/100250/,0,,,
http://www.freesound.org/people/frankd/sounds/165156/,0,,,
http://www.freesound.org/people/LG/sounds/102078/,0,,,
http://www.freesound.org/people/inchadney/sounds/127134/,1,,,
http://www.freesound.org/people/RTB45/sounds/148422/,0,,,
http://www.freesound.org/people/jppi_Stu/sounds/16783/,0,,,
http://www.freesound.org/people/alexbird/sounds/52790/,0,,,
http://www.freesound.org/people/conleec/sounds/176786/,0,,,
http://www.freesound.org/people/miastodzwiekow/sounds/127516/,0,,,
http://www.freesound.org/people/dobroide/sounds/102852/,1,,,
http://www.freesound.org/people/dobroide/sounds/78664/,0,,,
http://www.freesound.org/people/klankbeeld/sounds/180544/,1,,,
http://www.freesound.org/people/afterguard/sounds/41486/,0,,,
http://www.freesound.org/people/dobroide/sounds/36056/,1,,,
http://www.freesound.org/people/NoiseCollector/sounds/56941/,0,,,
http://www.freesound.org/people/cris/sounds/126607/,1,,,
http://www.freesound.org/people/RTB45/sounds/156666/,1,,,
http://www.freesound.org/people/NoiseCollector/sounds/65271/,1,,,
http://www.freesound.org/people/panosktn/sounds/80484/,0,,,
http://www.freesound.org/people/campl/sounds/138466/,0,,,
http://www.freesound.org/people/soundbytez/sounds/116220/,0,,,
http://www.freesound.org/people/bmoreno/sounds/164163/,1,,,
http://www.freesound.org/people/JoniHeinonen/sounds/169154/,1,,,
http://www.freesound.org/people/RHumphries/sounds/2532/,1,,,
http://www.freesound.org/people/dobroide/sounds/104733/,1,,,
http://www.freesound.org/people/mr_rolfi/sounds/22160/,0,,,
http://www.freesound.org/people/Bradovic/sounds/166427/,0,,,
http://www.freesound.org/people/inchadney/sounds/88225/,1,,,
http://www.freesound.org/people/hokstnator/sounds/151192/,0,,,
http://www.freesound.org/people/polymorpheva/sounds/110124/,0,,,
http://www.freesound.org/people/ragamuffin/sounds/186517/,1,,,
http://www.freesound.org/people/soundbytez/sounds/108762/,1,,,
http://www.freesound.org/people/klankbeeld/sounds/167569/,1,,,
http://www.freesound.org/people/dobroide/sounds/18230/,1,,,
http://www.freesound.org/people/LG/sounds/77654/,0,,,
http://www.freesound.org/people/blaukreuz/sounds/188173/,1,,,
http://www.freesound.org/people/felix.blume/sounds/147863/,0,,,
http://www.freesound.org/people/alexbird/sounds/99160/,0,,,
http://www.freesound.org/people/FreqMan/sounds/25386/,0,,,
http://www.freesound.org/people/inchadney/sounds/133818/,0,,,
http://www.freesound.org/people/reinsamba/sounds/54595/,0,,,
http://www.freesound.org/people/sagetyrtle/sounds/107518/,1,,,
http://www.freesound.org/people/volivieri/sounds/39673/,0,,,
http://www.freesound.org/people/dobroide/sounds/86928/,0,,,
http://www.freesound.org/people/NoiseCollector/sounds/63726/,0,,,
http://www.freesound.org/people/CARLOSLAZARTE/sounds/164847/,1,,,
http://www.freesound.org/people/simple%20machines/sounds/43714/,1,,,
http://www.freesound.org/people/LukeIRL/sounds/176029/,0,,,
http://www.freesound.org/people/cognito%20perceptu/sounds/97606/,0,,,
http://www.freesound.org/people/dobroide/sounds/86772/,0,,,
http://www.freesound.org/people/JELIPE/sounds/159513/,0,,,
http://www.freesound.org/people/klankbeeld/sounds/175040/,1,,,
http://www.freesound.org/people/dobroide/sounds/72261/,0,,,
http://www.freesound.org/people/Benboncan/sounds/80745/,1,,,
http://www.freesound.org/people/NoiseCollector/sounds/55516/,1,,,
http://www.freesound.org/people/Luftrum/sounds/58858/,0,,,
http://www.freesound.org/people/miastodzwiekow/sounds/127301/,0,,,
http://www.freesound.org/people/reinsamba/sounds/16673/,1,,,
http://www.freesound.org/people/inchadney/sounds/60135/,1,,,
http://www.freesound.org/people/Heigh-hoo/sounds/76449/,0,,,
http://www.freesound.org/people/al.barbosa/sounds/149065/,0,,,
http://www.freesound.org/people/Bradovic/sounds/166717/,0,,,
http://www.freesound.org/people/felix.blume/sounds/162230/,1,,,
http://www.freesound.org/people/NoiseCollector/sounds/56958/,0,,,
http://www.freesound.org/people/rfhache/sounds/64122/,0,,,
http://www.freesound.org/people/NoiseCollector/sounds/55512/,0,,,
http://www.freesound.org/people/nickpursehouse/sounds/110381/,0,,,
http://www.freesound.org/people/dobroide/sounds/17154/,0,,,
http://www.freesound.org/people/bisanu6/sounds/190958/,1,,,
http://www.freesound.org/people/inchadney/sounds/46348/,1,,,
http://www.freesound.org/people/barcelonetasonora/sounds/188477/,1,,,
http://www.freesound.org/people/inchadney/sounds/117817/,1,,,
http://www.freesound.org/people/LG/sounds/67419/,0,,,
http://www.freesound.org/people/LG/sounds/102090/,0,,,
http://www.freesound.org/people/daveincamas/sounds/25021/,0,,,
http://www.freesound.org/people/Corsica_S/sounds/127616/,0,,,
http://www.freesound.org/people/dobroide/sounds/92847/,1,,,
http://www.freesound.org/people/inchadney/sounds/153457/,0,,,
http://www.freesound.org/people/NoiseCollector/sounds/65673/,0,,,
http://www.freesound.org/people/LG/sounds/54948/,1,,,
http://www.freesound.org/people/jus/sounds/39446/,0,,,
http://www.freesound.org/people/barcelonetasonora/sounds/186331/,0,,,
http://www.freesound.org/people/swelltoe77/sounds/160540/,1,,,
http://www.freesound.org/people/rastataper/sounds/56171/,1,,,
http://www.freesound.org/people/inchadney/sounds/43694/,0,,,
http://www.freesound.org/people/LG/sounds/69339/,0,,,
http://www.freesound.org/people/LG/sounds/77665/,0,,,
http://www.freesound.org/people/Q.K./sounds/56233/,1,,,
http://www.freesound.org/people/bmoreno/sounds/146691/,0,,,
http://www.freesound.org/people/elektroproleter/sounds/157596/,1,,,
http://www.freesound.org/people/miastodzwiekow/sounds/133087/,1,,,
http://www.freesound.org/people/aarom/sounds/132982/,1,,,
http://www.freesound.org/people/barcelonetasonora/sounds/189849/,1,,,
http://www.freesound.org/people/Strawhenge/sounds/160579/,1,,,
http://www.freesound.org/people/sagetyrtle/sounds/15424/,1,,,
http://www.freesound.org/people/lonemonk/sounds/123685/,0,,,
http://www.freesound.org/people/weyhingj/sounds/144068/,0,,,
http://www.freesound.org/people/erpe/sounds/130866/,1,,,
http://www.freesound.org/people/mab/sounds/23192/,0,,,
http://www.freesound.org/people/Benboncan/sounds/71508/,1,,,
http://www.freesound.org/people/miastodzwiekow/sounds/127236/,0,,,
http://www.freesound.org/people/klankbeeld/sounds/174880/,0,,,
http://www.freesound.org/people/bmoreno/sounds/164374/,0,,,
http://www.freesound.org/people/truflabart/sounds/123707/,0,,,
http://www.freesound.org/people/LG/sounds/73187/,0,,,
http://www.freesound.org/people/laurent/sounds/16992/,0,,,
http://www.freesound.org/people/Benboncan/sounds/80079/,1,,,
http://www.freesound.org/people/daveincamas/sounds/45477/,0,,,
http://www.freesound.org/people/digifishmusic/sounds/57583/,0,,,
http://www.freesound.org/people/RTB45/sounds/169351/,1,,,
http://www.freesound.org/people/strangely_gnarled/sounds/105361/,0,,,
http://www.freesound.org/people/Zigzag20705/sounds/134979/,0,,,
http://www.freesound.org/people/jemtman/sounds/172997/,0,,,
http://www.freesound.org/people/inchadney/sounds/49853/,1,,,
http://www.freesound.org/people/Corsica_S/sounds/169031/,0,,,
http://www.freesound.org/people/bmoreno/sounds/164184/,1,,,
http://www.freesound.org/people/personum/sounds/104189/,1,,,
http://www.freesound.org/people/skiersailor/sounds/76683/,0,,,
http://www.freesound.org/people/rfhache/sounds/59448/,1,,,
http://www.freesound.org/people/inchadney/sounds/118592/,0,,,
http://www.freesound.org/people/dobroide/sounds/153500/,0,,,
http://www.freesound.org/people/bmoreno/sounds/146853/,0,,,
http://www.freesound.org/people/NoiseCollector/sounds/80788/,1,,,
http://www.freesound.org/people/Bradovic/sounds/166426/,1,,,
http://www.freesound.org/people/inchadney/sounds/104386/,1,,,
http://www.freesound.org/people/wisslgisse/sounds/54811/,0,,,
http://www.freesound.org/people/dobroide/sounds/22383/,0,,,
http://www.freesound.org/people/rfhache/sounds/45993/,1,,,
http://www.freesound.org/people/simple%20machines/sounds/46232/,0,,,
http://www.freesound.org/people/Audiactiva/sounds/47494/,1,,,
http://www.freesound.org/people/soundbytez/sounds/134780/,1,,,
http://www.freesound.org/people/digifishmusic/sounds/62276/,0,,,
http://www.freesound.org/people/miastodzwiekow/sounds/124684/,0,,,
http://www.freesound.org/people/LG/sounds/71048/,0,,,
http://www.freesound.org/people/bmoreno/sounds/159986/,0,,,
http://www.freesound.org/people/NoiseCollector/sounds/65328/,1,,,
http://www.freesound.org/people/inchadney/sounds/49852/,0,,,
http://www.freesound.org/people/nichiatu/sounds/168968/,0,,,
http://www.freesound.org/people/LG/sounds/73079/,0,,,
http://www.freesound.org/people/bmoreno/sounds/164165/,0,,,
http://www.freesound.org/people/Pooleside/sounds/59449/,0,,,
http://www.freesound.org/people/ERH/sounds/50424/,0,,,
http://www.freesound.org/people/nsp/sounds/124486/,0,,,
http://www.freesound.org/people/bmoreno/sounds/164183/,0,,,
http://www.freesound.org/people/blaukreuz/sounds/189822/,1,,,
http://www.freesound.org/people/NoiseCollector/sounds/55515/,0,,,
http://www.freesound.org/people/digifishmusic/sounds/43104/,1,,,
http://www.freesound.org/people/THE_bizniss/sounds/37930/,0,,,
http://www.freesound.org/people/digifishmusic/sounds/80397/,0,,,
http://www.freesound.org/people/kvgarlic/sounds/135483/,1,,,
http://www.freesound.org/people/Tomlija/sounds/172053/,0,,,
http://www.freesound.org/people/catorze/sounds/131873/,1,,,
http://www.freesound.org/people/miastodzwiekow/sounds/127272/,0,,,
http://www.freesound.org/people/ERH/sounds/56909/,0,,,
http://www.freesound.org/people/dobroide/sounds/111947/,0,,,
http://www.freesound.org/people/reinsamba/sounds/43480/,0,,,
http://www.freesound.org/people/bmoreno/sounds/155120/,0,,,
http://www.freesound.org/people/NoiseCollector/sounds/69087/,1,,,
http://www.freesound.org/people/Berwitz/sounds/150190/,0,,,
http://www.freesound.org/people/LG/sounds/75299/,1,,,
http://www.freesound.org/people/klankbeeld/sounds/189268/,0,,,
http://www.freesound.org/people/inchadney/sounds/103674/,0,,,
http://www.freesound.org/people/klankbeeld/sounds/169231/,0,,,
http://www.freesound.org/people/Ch0cchi/sounds/15352/,0,,,
http://www.freesound.org/people/miastodzwiekow/sounds/127273/,0,,,
http://www.freesound.org/people/lgarrett/sounds/17076/,0,,,
http://www.freesound.org/people/gadzooks/sounds/20580/,1,,,
http://www.freesound.org/people/vibe_crc/sounds/50061/,0,,,
http://www.freesound.org/people/tsbertalan/sounds/77782/,0,,,
http://www.freesound.org/people/thorvandahl/sounds/184215/,1,,,
http://www.freesound.org/people/Benboncan/sounds/60086/,1,,,
http://www.freesound.org/people/bmoreno/sounds/146693/,0,,,
http://www.freesound.org/people/dobroide/sounds/87127/,0,,,
http://www.freesound.org/people/klankbeeld/sounds/174093/,0,,,
http://www.freesound.org/people/cms4f/sounds/159166/,0,,,